{"cameraMode":{"drawMode":0,"name":"Shaded","section":"Shading Mode"},"sceneLighting":false,"audioPlay":false,"sceneViewState":{"m_AlwaysRefresh":false,"showFog":false,"showSkybox":false,"showFlares":false,"showImageEffects":false,"showParticleSystems":false,"showVisualEffectGraphs":true,"m_FxEnabled":true},"in2DMode":false,"pivot":{"x":-0.0000013113021850585938,"y":0.7948125600814819,"z":0.057073742151260379},"rotation":{"x":-0.0024402267299592497,"y":0.9975598454475403,"z":-0.05122901499271393,"w":-0.04761890694499016},"size":2.8757143020629885,"orthographic":true}